<?xml version="1.0" encoding="ISO-8859-1"?> 

<!DOCTYPE AmnesiaConfiguration SYSTEM "Configuration/amnesia.dtd">
<?xml-stylesheet type="text/css" href="teste.css"?>
<AmnesiaConfiguration>
	<Processor>
		<processorContains>0</processorContains>
		<createTraceFile>0</createTraceFile>
	</Processor>
	<Trace>
		<wordSize>4</wordSize>
	</Trace>
	<CPU>
		<wordSize>4</wordSize>
	</CPU>
	<MainMemory>
		<blockSize>1</blockSize>
		<memorySize>8</memorySize>
		<ciclesPerAccessRead>1</ciclesPerAccessRead>
		<ciclesPerAccessWrite>2</ciclesPerAccessWrite>
		<timeCicle>10</timeCicle>
	</MainMemory>
	<Cache>
		<cacheType>Unified</cacheType>
		<unifiedCache>
			<lineSize>1</lineSize>
			<ciclesPerAccessRead>1</ciclesPerAccessRead>
			<ciclesPerAccessWrite>2</ciclesPerAccessWrite>
			<timeCicle>1</timeCicle>
			<memorySize>4</memorySize>
			<associativityLevel>1</associativityLevel>
			<writePolicy>WriteThrough</writePolicy>
			<replacementAlgorithm>FIFO</replacementAlgorithm>
		</unifiedCache>
	</Cache>
</AmnesiaConfiguration>